﻿<?xml version="1.0" encoding="utf-8" ?>
<c2eventsheet>
    <!--All the 'name' attributes are ignored by Construct 2 - they are there for readability only.-->
    <name>Event sheet 1</name>
    <events>
        <variable constant="0" name="Dir_0" sid="426864960759625" static="0" type="number">-1</variable>
        <variable constant="0" name="Dir_Up" sid="779197876581501" static="0" type="number">270</variable>
        <variable constant="0" name="Dir_Left" sid="909156859390166" static="0" type="number">180</variable>
        <variable constant="0" name="Dir_Down" sid="254780482981268" static="0" type="number">90</variable>
        <variable constant="0" name="Dir_Right" sid="995503541977511" static="0" type="number">0</variable>
        <event-group description="" sid="373481071037220" title="On Start">
            <sub-events>
                <event-block sid="669250659021726">
                    <conditions>
                        <condition id="-2" name="On start of layout" sid="802434020305332" type="System" />
                    </conditions>
                    <actions>
                        <action id="5" name="Set frame" sid="682798648910964" type="Penguin1">
                            <param id="0" name="Frame number">0</param>
                        </action>
                        <action id="2" name="Stop" sid="254751637480441" type="Penguin1" />
                        <action id="-10" name="Set value" sid="513306850600369" type="Penguin1">
                            <param id="0" name="Instance variable">PositionX</param>
                            <param id="1" name="Value">Penguin1.X </param>
                        </action>
                        <action id="-10" name="Set value" sid="105645005522759" type="Penguin1">
                            <param id="0" name="Instance variable">PositionY</param>
                            <param id="1" name="Value">Penguin1.Y</param>
                        </action>
                        <action id="5" name="Set frame" sid="897637297363236" type="Penguin2">
                            <param id="0" name="Frame number">0</param>
                        </action>
                        <action id="2" name="Stop" sid="152651005443156" type="Penguin2" />
                        <action id="-10" name="Set value" sid="130973422873162" type="Penguin2">
                            <param id="0" name="Instance variable">PositionX</param>
                            <param id="1" name="Value">Penguin2.X</param>
                        </action>
                        <action id="-10" name="Set value" sid="426933590786373" type="Penguin2">
                            <param id="0" name="Instance variable">PositionY</param>
                            <param id="1" name="Value">Penguin2.Y</param>
                        </action>
                    </actions>
                    <sub-events>
                        <event-block sid="161926728504800">
                            <conditions />
                            <actions>
                                <action id="-10" name="Set value" sid="369433080699634" type="SpawnBlock">
                                    <param id="0" name="Instance variable">SpawnEnable</param>
                                    <param id="1" name="Value">int(random(2))</param>
                                </action>
                            </actions>
                            <sub-events>
                                <event-block sid="836955328347036">
                                    <conditions>
                                        <condition id="-7" name="Compare instance variable" sid="492275312415206" type="SpawnBlock">
                                            <param id="0" name="Instance variable">SpawnEnable</param>
                                            <param id="1" name="Comparison">0</param>
                                            <param id="2" name="Value">1</param>
                                        </condition>
                                    </conditions>
                                    <actions>
                                        <action id="0" name="Spawn another object" sid="722523218078232" type="SpawnBlock">
                                            <param id="0" name="Object">DestructiveBlock</param>
                                            <param id="1" name="Layer">0</param>
                                            <param id="2" name="Image point">1</param>
                                        </action>
                                    </actions>
                                </event-block>
                            </sub-events>
                        </event-block>
                    </sub-events>
                </event-block>
            </sub-events>
        </event-group>
        <event-group description="" sid="339337130504976" title="PlayerMovements">
            <sub-events>
                <event-group description="" sid="576754607584621" title="Penguin1">
                    <sub-events>
                        <event-block sid="325544818427927">
                            <conditions>
                                <condition id="-7" name="Compare instance variable" sid="161732991709482" type="Penguin1">
                                    <param id="0" name="Instance variable">Direction</param>
                                    <param id="1" name="Comparison">1</param>
                                    <param id="2" name="Value">Dir_0</param>
                                </condition>
                                <condition id="-7" name="Compare instance variable" sid="764148682692001" type="Penguin1">
                                    <param id="0" name="Instance variable">PositionY</param>
                                    <param id="1" name="Comparison">1</param>
                                    <param id="2" name="Value">Penguin1.Y</param>
                                </condition>
                            </conditions>
                            <actions />
                            <sub-events>
                                <event-block sid="829984115883664">
                                    <conditions>
                                        <condition id="-7" name="Compare instance variable" sid="421817546082565" type="Penguin1">
                                            <param id="0" name="Instance variable">Direction</param>
                                            <param id="1" name="Comparison">0</param>
                                            <param id="2" name="Value">Dir_Up</param>
                                        </condition>
                                    </conditions>
                                    <actions>
                                        <action id="-2" name="Set Y" sid="569863813515381" type="Penguin1">
                                            <param id="0" name="Y">Self.Y - (Penguin1.Speed)</param>
                                        </action>
                                    </actions>
                                </event-block>
                                <event-block sid="914241436298579">
                                    <conditions>
                                        <condition id="-7" name="Compare instance variable" sid="185248345378666" type="Penguin1">
                                            <param id="0" name="Instance variable">Direction</param>
                                            <param id="1" name="Comparison">0</param>
                                            <param id="2" name="Value">Dir_Down</param>
                                        </condition>
                                    </conditions>
                                    <actions>
                                        <action id="-2" name="Set Y" sid="723717332972473" type="Penguin1">
                                            <param id="0" name="Y">Self.Y + (Penguin1.Speed)</param>
                                        </action>
                                    </actions>
                                </event-block>
                            </sub-events>
                        </event-block>
                        <event-block sid="250054383403656">
                            <conditions>
                                <condition id="-7" name="Compare instance variable" sid="941464309738317" type="Penguin1">
                                    <param id="0" name="Instance variable">Direction</param>
                                    <param id="1" name="Comparison">1</param>
                                    <param id="2" name="Value">Dir_0</param>
                                </condition>
                                <condition id="-7" name="Compare instance variable" sid="923343214737917" type="Penguin1">
                                    <param id="0" name="Instance variable">PositionX</param>
                                    <param id="1" name="Comparison">1</param>
                                    <param id="2" name="Value">Penguin1.X</param>
                                </condition>
                            </conditions>
                            <actions />
                            <sub-events>
                                <event-block sid="116727063737681">
                                    <conditions>
                                        <condition id="-7" name="Compare instance variable" sid="747759170732455" type="Penguin1">
                                            <param id="0" name="Instance variable">Direction</param>
                                            <param id="1" name="Comparison">0</param>
                                            <param id="2" name="Value">Dir_Right</param>
                                        </condition>
                                    </conditions>
                                    <actions>
                                        <action id="-1" name="Set X" sid="490720583078054" type="Penguin1">
                                            <param id="0" name="X">Self.X + (Penguin1.Speed)</param>
                                        </action>
                                    </actions>
                                </event-block>
                                <event-block sid="838138205325922">
                                    <conditions>
                                        <condition id="-7" name="Compare instance variable" sid="346296563012334" type="Penguin1">
                                            <param id="0" name="Instance variable">Direction</param>
                                            <param id="1" name="Comparison">0</param>
                                            <param id="2" name="Value">Dir_Left</param>
                                        </condition>
                                    </conditions>
                                    <actions>
                                        <action id="-1" name="Set X" sid="711965617861193" type="Penguin1">
                                            <param id="0" name="X">Self.X - (Penguin1.Speed)</param>
                                        </action>
                                    </actions>
                                </event-block>
                            </sub-events>
                        </event-block>
                    </sub-events>
                </event-group>
                <event-group description="" sid="835189249950519" title="Penguin2">
                    <sub-events>
                        <event-block sid="360095605550687">
                            <conditions>
                                <condition id="-7" name="Compare instance variable" sid="895796986393587" type="Penguin2">
                                    <param id="0" name="Instance variable">Direction</param>
                                    <param id="1" name="Comparison">1</param>
                                    <param id="2" name="Value">Dir_0</param>
                                </condition>
                                <condition id="-7" name="Compare instance variable" sid="561501263906834" type="Penguin2">
                                    <param id="0" name="Instance variable">PositionY</param>
                                    <param id="1" name="Comparison">1</param>
                                    <param id="2" name="Value">Penguin2.Y</param>
                                </condition>
                            </conditions>
                            <actions />
                            <sub-events>
                                <event-block sid="929189314943016">
                                    <conditions>
                                        <condition id="-7" name="Compare instance variable" sid="414120915094948" type="Penguin2">
                                            <param id="0" name="Instance variable">Direction</param>
                                            <param id="1" name="Comparison">0</param>
                                            <param id="2" name="Value">Dir_Up</param>
                                        </condition>
                                    </conditions>
                                    <actions>
                                        <action id="-2" name="Set Y" sid="937532442292022" type="Penguin2">
                                            <param id="0" name="Y">Self.Y - (Penguin2.Speed)</param>
                                        </action>
                                    </actions>
                                </event-block>
                                <event-block sid="722010609136645">
                                    <conditions>
                                        <condition id="-7" name="Compare instance variable" sid="982415038735386" type="Penguin2">
                                            <param id="0" name="Instance variable">Direction</param>
                                            <param id="1" name="Comparison">0</param>
                                            <param id="2" name="Value">Dir_Down</param>
                                        </condition>
                                    </conditions>
                                    <actions>
                                        <action id="-2" name="Set Y" sid="999670308331120" type="Penguin2">
                                            <param id="0" name="Y">Self.Y + (Penguin2.Speed)</param>
                                        </action>
                                    </actions>
                                </event-block>
                            </sub-events>
                        </event-block>
                        <event-block sid="648853096055173">
                            <conditions>
                                <condition id="-7" name="Compare instance variable" sid="653174118955062" type="Penguin2">
                                    <param id="0" name="Instance variable">Direction</param>
                                    <param id="1" name="Comparison">1</param>
                                    <param id="2" name="Value">Dir_0</param>
                                </condition>
                                <condition id="-7" name="Compare instance variable" sid="906799650093598" type="Penguin2">
                                    <param id="0" name="Instance variable">PositionX</param>
                                    <param id="1" name="Comparison">1</param>
                                    <param id="2" name="Value">Penguin2.X</param>
                                </condition>
                            </conditions>
                            <actions />
                            <sub-events>
                                <event-block sid="911587511130718">
                                    <conditions>
                                        <condition id="-7" name="Compare instance variable" sid="706239948382655" type="Penguin2">
                                            <param id="0" name="Instance variable">Direction</param>
                                            <param id="1" name="Comparison">0</param>
                                            <param id="2" name="Value">Dir_Right</param>
                                        </condition>
                                    </conditions>
                                    <actions>
                                        <action id="-1" name="Set X" sid="513846228185571" type="Penguin2">
                                            <param id="0" name="X">Self.X + (Penguin2.Speed)</param>
                                        </action>
                                    </actions>
                                </event-block>
                                <event-block sid="289383309321497">
                                    <conditions>
                                        <condition id="-7" name="Compare instance variable" sid="101462214039827" type="Penguin2">
                                            <param id="0" name="Instance variable">Direction</param>
                                            <param id="1" name="Comparison">0</param>
                                            <param id="2" name="Value">Dir_Left</param>
                                        </condition>
                                    </conditions>
                                    <actions>
                                        <action id="-1" name="Set X" sid="199282271631981" type="Penguin2">
                                            <param id="0" name="X">Self.X - (Penguin2.Speed)</param>
                                        </action>
                                    </actions>
                                </event-block>
                            </sub-events>
                        </event-block>
                    </sub-events>
                </event-group>
            </sub-events>
        </event-group>
        <event-group description="" sid="142788694623265" title="Player1Controls">
            <sub-events>
                <event-block sid="730456478727035">
                    <conditions>
                        <condition id="0" name="On key pressed" sid="240007795492552" type="Keyboard">
                            <param id="0" name="Key">96 (0 (tn))</param>
                        </condition>
                        <condition id="-8" name="Compare two values" sid="448890252788763" type="System">
                            <param id="0" name="First value">Penguin1.BombOnLayout</param>
                            <param id="1" name="Comparison">2</param>
                            <param id="2" name="Second value">Penguin1.MaxBomb</param>
                        </condition>
                    </conditions>
                    <actions>
                        <action id="-3" name="Create object" sid="509779190379389" type="System">
                            <param id="0" name="Object to create">Bomb</param>
                            <param id="1" name="Layer">0</param>
                            <param id="2" name="X">int(Penguin1.ImagePointX(0) / 64) * 64 + 32</param>
                            <param id="3" name="Y">int(Penguin1.ImagePointY(0) / 64) * 64 + 32</param>
                        </action>
                        <action id="-10" name="Set value" sid="571317701428290" type="Bomb">
                            <param id="0" name="Instance variable">BombUID</param>
                            <param id="1" name="Value">Penguin1.UID</param>
                        </action>
                        <action id="-10" name="Set value" sid="943131530586534" type="Bomb">
                            <param id="0" name="Instance variable">Range</param>
                            <param id="1" name="Value">Penguin1.Range</param>
                        </action>
                        <action id="-11" name="Add to" sid="609549508123674" type="Penguin1">
                            <param id="0" name="Instance variable">BombOnLayout</param>
                            <param id="1" name="Value">1</param>
                        </action>
                    </actions>
                </event-block>
                <event-block sid="174582199263349">
                    <conditions>
                        <condition id="-7" name="Compare instance variable" sid="173965466837630" type="Penguin1">
                            <param id="0" name="Instance variable">PositionX</param>
                            <param id="1" name="Comparison">0</param>
                            <param id="2" name="Value">Penguin1.X</param>
                        </condition>
                        <condition id="-7" name="Compare instance variable" sid="901146495344169" type="Penguin1">
                            <param id="0" name="Instance variable">PositionY</param>
                            <param id="1" name="Comparison">0</param>
                            <param id="2" name="Value">Penguin1.Y</param>
                        </condition>
                    </conditions>
                    <actions>
                        <action id="5" name="Set frame" sid="739191760919892" type="Penguin1">
                            <param id="0" name="Frame number">0</param>
                        </action>
                        <action id="2" name="Stop" sid="864497302379323" type="Penguin1" />
                    </actions>
                    <sub-events>
                        <event-block sid="481029977970230">
                            <conditions>
                                <condition id="-36" name="Pick overlapping point" sid="893835860792622" type="System">
                                    <param id="0" name="Object">Overlap</param>
                                    <param id="1" name="X">Penguin1.PositionX + 64</param>
                                    <param id="2" name="Y">Penguin1.PositionY</param>
                                </condition>
                            </conditions>
                            <actions />
                        </event-block>
                        <event-block sid="129852936333648">
                            <conditions>
                                <condition id="-22" name="Else" sid="228180632448273" type="System" />
                            </conditions>
                            <actions />
                            <sub-events>
                                <event-block sid="354948816637544">
                                    <conditions>
                                        <condition id="2" name="Key is down" sid="338920989057556" type="Keyboard">
                                            <param id="0" name="Key">39 (Right arrow)</param>
                                        </condition>
                                    </conditions>
                                    <actions>
                                        <action id="-10" name="Set value" sid="685755522117007" type="Penguin1">
                                            <param id="0" name="Instance variable">Direction</param>
                                            <param id="1" name="Value">Dir_Right</param>
                                        </action>
                                        <action id="4" name="Set animation" sid="920888769058297" type="Penguin1">
                                            <param id="0" name="Animation">&quot;Right&quot;</param>
                                            <param id="1" name="From">1</param>
                                        </action>
                                        <action id="-10" name="Set value" sid="238363986344010" type="Penguin1">
                                            <param id="0" name="Instance variable">PositionX</param>
                                            <param id="1" name="Value">Penguin1.X + 64</param>
                                        </action>
                                    </actions>
                                </event-block>
                            </sub-events>
                        </event-block>
                        <event-block sid="948162802066116">
                            <conditions>
                                <condition id="-36" name="Pick overlapping point" sid="572471625458244" type="System">
                                    <param id="0" name="Object">Overlap</param>
                                    <param id="1" name="X">Penguin1.PositionX - 64</param>
                                    <param id="2" name="Y">Penguin1.PositionY</param>
                                </condition>
                            </conditions>
                            <actions />
                        </event-block>
                        <event-block sid="258626009252034">
                            <conditions>
                                <condition id="-22" name="Else" sid="252382659470211" type="System" />
                            </conditions>
                            <actions />
                            <sub-events>
                                <event-block sid="914911613662826">
                                    <conditions>
                                        <condition id="2" name="Key is down" sid="484829566169398" type="Keyboard">
                                            <param id="0" name="Key">37 (Left arrow)</param>
                                        </condition>
                                    </conditions>
                                    <actions>
                                        <action id="-10" name="Set value" sid="561965248042264" type="Penguin1">
                                            <param id="0" name="Instance variable">Direction</param>
                                            <param id="1" name="Value">Dir_Left</param>
                                        </action>
                                        <action id="4" name="Set animation" sid="610560340307522" type="Penguin1">
                                            <param id="0" name="Animation">&quot;Left&quot;</param>
                                            <param id="1" name="From">1</param>
                                        </action>
                                        <action id="-10" name="Set value" sid="555999968510201" type="Penguin1">
                                            <param id="0" name="Instance variable">PositionX</param>
                                            <param id="1" name="Value">Penguin1.X - 64</param>
                                        </action>
                                    </actions>
                                </event-block>
                            </sub-events>
                        </event-block>
                        <event-block sid="730870570287107">
                            <conditions>
                                <condition id="-36" name="Pick overlapping point" sid="943766648725458" type="System">
                                    <param id="0" name="Object">Overlap</param>
                                    <param id="1" name="X">Penguin1.PositionX </param>
                                    <param id="2" name="Y">Penguin1.PositionY - 64</param>
                                </condition>
                            </conditions>
                            <actions />
                        </event-block>
                        <event-block sid="160573290224964">
                            <conditions>
                                <condition id="-22" name="Else" sid="959942870309959" type="System" />
                            </conditions>
                            <actions />
                            <sub-events>
                                <event-block sid="612375004355876">
                                    <conditions>
                                        <condition id="2" name="Key is down" sid="330526326014308" type="Keyboard">
                                            <param id="0" name="Key">38 (Up arrow)</param>
                                        </condition>
                                    </conditions>
                                    <actions>
                                        <action id="-10" name="Set value" sid="975188993122713" type="Penguin1">
                                            <param id="0" name="Instance variable">Direction</param>
                                            <param id="1" name="Value">Dir_Up</param>
                                        </action>
                                        <action id="4" name="Set animation" sid="739501231002008" type="Penguin1">
                                            <param id="0" name="Animation">&quot;Up&quot;</param>
                                            <param id="1" name="From">1</param>
                                        </action>
                                        <action id="-10" name="Set value" sid="811722675202123" type="Penguin1">
                                            <param id="0" name="Instance variable">PositionY</param>
                                            <param id="1" name="Value">Penguin1.Y - 64</param>
                                        </action>
                                    </actions>
                                </event-block>
                            </sub-events>
                        </event-block>
                        <event-block sid="508921644972634">
                            <conditions>
                                <condition id="-36" name="Pick overlapping point" sid="978790406256268" type="System">
                                    <param id="0" name="Object">Overlap</param>
                                    <param id="1" name="X">Penguin1.PositionX </param>
                                    <param id="2" name="Y">Penguin1.PositionY + 64</param>
                                </condition>
                            </conditions>
                            <actions />
                        </event-block>
                        <event-block sid="408873819230033">
                            <conditions>
                                <condition id="-22" name="Else" sid="422206607303813" type="System" />
                            </conditions>
                            <actions />
                            <sub-events>
                                <event-block sid="559053038988413">
                                    <conditions>
                                        <condition id="2" name="Key is down" sid="326384143969792" type="Keyboard">
                                            <param id="0" name="Key">40 (Down arrow)</param>
                                        </condition>
                                    </conditions>
                                    <actions>
                                        <action id="-10" name="Set value" sid="634363051812052" type="Penguin1">
                                            <param id="0" name="Instance variable">Direction</param>
                                            <param id="1" name="Value">Dir_Down</param>
                                        </action>
                                        <action id="4" name="Set animation" sid="529989110738576" type="Penguin1">
                                            <param id="0" name="Animation">&quot;Down&quot;</param>
                                            <param id="1" name="From">1</param>
                                        </action>
                                        <action id="-10" name="Set value" sid="930730712517961" type="Penguin1">
                                            <param id="0" name="Instance variable">PositionY</param>
                                            <param id="1" name="Value">Penguin1.Y + 64</param>
                                        </action>
                                    </actions>
                                </event-block>
                            </sub-events>
                        </event-block>
                    </sub-events>
                </event-block>
            </sub-events>
        </event-group>
        <event-group description="" sid="504667517555122" title="Player2Controls">
            <sub-events>
                <event-block sid="780780826261974">
                    <conditions>
                        <condition id="0" name="On key pressed" sid="685085107090339" type="Keyboard">
                            <param id="0" name="Key">32 (Barra Spaziatrice)</param>
                        </condition>
                        <condition id="-8" name="Compare two values" sid="893495641990176" type="System">
                            <param id="0" name="First value">Penguin2.BombOnLayout</param>
                            <param id="1" name="Comparison">2</param>
                            <param id="2" name="Second value">Penguin2.MaxBomb</param>
                        </condition>
                    </conditions>
                    <actions>
                        <action id="-3" name="Create object" sid="163659505852314" type="System">
                            <param id="0" name="Object to create">Bomb</param>
                            <param id="1" name="Layer">0</param>
                            <param id="2" name="X">int(Penguin2.ImagePointX(0) / 64) * 64 + 32</param>
                            <param id="3" name="Y">int(Penguin2.ImagePointY(0) / 64) * 64 + 32</param>
                        </action>
                        <action id="-10" name="Set value" sid="605871031890478" type="Bomb">
                            <param id="0" name="Instance variable">BombUID</param>
                            <param id="1" name="Value">Penguin2.UID</param>
                        </action>
                        <action id="-10" name="Set value" sid="192207039497659" type="Bomb">
                            <param id="0" name="Instance variable">Range</param>
                            <param id="1" name="Value">Penguin2.Range</param>
                        </action>
                        <action id="-11" name="Add to" sid="695521176178357" type="Penguin2">
                            <param id="0" name="Instance variable">BombOnLayout</param>
                            <param id="1" name="Value">1</param>
                        </action>
                    </actions>
                </event-block>
                <event-block sid="435929261295582">
                    <conditions>
                        <condition id="-7" name="Compare instance variable" sid="297363870981154" type="Penguin2">
                            <param id="0" name="Instance variable">PositionX</param>
                            <param id="1" name="Comparison">0</param>
                            <param id="2" name="Value">Penguin2.X</param>
                        </condition>
                        <condition id="-7" name="Compare instance variable" sid="414292026875582" type="Penguin2">
                            <param id="0" name="Instance variable">PositionY</param>
                            <param id="1" name="Comparison">0</param>
                            <param id="2" name="Value">Penguin2.Y</param>
                        </condition>
                    </conditions>
                    <actions>
                        <action id="5" name="Set frame" sid="651494815384021" type="Penguin2">
                            <param id="0" name="Frame number">0</param>
                        </action>
                        <action id="2" name="Stop" sid="406999104760568" type="Penguin2" />
                    </actions>
                    <sub-events>
                        <event-block sid="584721415119830">
                            <conditions>
                                <condition id="-36" name="Pick overlapping point" sid="796922897823526" type="System">
                                    <param id="0" name="Object">Overlap</param>
                                    <param id="1" name="X">Penguin2.PositionX + 64</param>
                                    <param id="2" name="Y">Penguin2.PositionY</param>
                                </condition>
                            </conditions>
                            <actions />
                        </event-block>
                        <event-block sid="586589241601963">
                            <conditions>
                                <condition id="-22" name="Else" sid="638258883319260" type="System" />
                            </conditions>
                            <actions />
                            <sub-events>
                                <event-block sid="194732965881921">
                                    <conditions>
                                        <condition id="2" name="Key is down" sid="780326450036683" type="Keyboard">
                                            <param id="0" name="Key">68 (D)</param>
                                        </condition>
                                    </conditions>
                                    <actions>
                                        <action id="-10" name="Set value" sid="965934959267582" type="Penguin2">
                                            <param id="0" name="Instance variable">Direction</param>
                                            <param id="1" name="Value">Dir_Right</param>
                                        </action>
                                        <action id="4" name="Set animation" sid="588102828747723" type="Penguin2">
                                            <param id="0" name="Animation">&quot;Right&quot;</param>
                                            <param id="1" name="From">1</param>
                                        </action>
                                        <action id="-10" name="Set value" sid="874800668052964" type="Penguin2">
                                            <param id="0" name="Instance variable">PositionX</param>
                                            <param id="1" name="Value">Penguin2.X + 64</param>
                                        </action>
                                    </actions>
                                </event-block>
                            </sub-events>
                        </event-block>
                        <event-block sid="750390010085463">
                            <conditions>
                                <condition id="-36" name="Pick overlapping point" sid="134952577933025" type="System">
                                    <param id="0" name="Object">Overlap</param>
                                    <param id="1" name="X">Penguin2.PositionX - 64</param>
                                    <param id="2" name="Y">Penguin2.PositionY</param>
                                </condition>
                            </conditions>
                            <actions />
                        </event-block>
                        <event-block sid="630519514420245">
                            <conditions>
                                <condition id="-22" name="Else" sid="185575975175426" type="System" />
                            </conditions>
                            <actions />
                            <sub-events>
                                <event-block sid="751844165454764">
                                    <conditions>
                                        <condition id="2" name="Key is down" sid="504439185445580" type="Keyboard">
                                            <param id="0" name="Key">65 (A)</param>
                                        </condition>
                                    </conditions>
                                    <actions>
                                        <action id="-10" name="Set value" sid="679991759841368" type="Penguin2">
                                            <param id="0" name="Instance variable">Direction</param>
                                            <param id="1" name="Value">Dir_Left</param>
                                        </action>
                                        <action id="4" name="Set animation" sid="512137390399576" type="Penguin2">
                                            <param id="0" name="Animation">&quot;Left&quot;</param>
                                            <param id="1" name="From">1</param>
                                        </action>
                                        <action id="-10" name="Set value" sid="189448786923114" type="Penguin2">
                                            <param id="0" name="Instance variable">PositionX</param>
                                            <param id="1" name="Value">Penguin2.X - 64</param>
                                        </action>
                                    </actions>
                                </event-block>
                            </sub-events>
                        </event-block>
                        <event-block sid="114422178442847">
                            <conditions>
                                <condition id="-36" name="Pick overlapping point" sid="348015274005458" type="System">
                                    <param id="0" name="Object">Overlap</param>
                                    <param id="1" name="X">Penguin2.PositionX </param>
                                    <param id="2" name="Y">Penguin2.PositionY - 64</param>
                                </condition>
                            </conditions>
                            <actions />
                        </event-block>
                        <event-block sid="580838933064421">
                            <conditions>
                                <condition id="-22" name="Else" sid="713591713137671" type="System" />
                            </conditions>
                            <actions />
                            <sub-events>
                                <event-block sid="880276737564767">
                                    <conditions>
                                        <condition id="2" name="Key is down" sid="137503137853079" type="Keyboard">
                                            <param id="0" name="Key">87 (W)</param>
                                        </condition>
                                    </conditions>
                                    <actions>
                                        <action id="-10" name="Set value" sid="145897481595351" type="Penguin2">
                                            <param id="0" name="Instance variable">Direction</param>
                                            <param id="1" name="Value">Dir_Up</param>
                                        </action>
                                        <action id="4" name="Set animation" sid="400013019864785" type="Penguin2">
                                            <param id="0" name="Animation">&quot;Up&quot;</param>
                                            <param id="1" name="From">1</param>
                                        </action>
                                        <action id="-10" name="Set value" sid="793551573414212" type="Penguin2">
                                            <param id="0" name="Instance variable">PositionY</param>
                                            <param id="1" name="Value">Penguin2.Y - 64</param>
                                        </action>
                                    </actions>
                                </event-block>
                            </sub-events>
                        </event-block>
                        <event-block sid="320847935105843">
                            <conditions>
                                <condition id="-36" name="Pick overlapping point" sid="246816973391601" type="System">
                                    <param id="0" name="Object">Overlap</param>
                                    <param id="1" name="X">Penguin2.PositionX </param>
                                    <param id="2" name="Y">Penguin2.PositionY + 64</param>
                                </condition>
                            </conditions>
                            <actions />
                        </event-block>
                        <event-block sid="779253325429233">
                            <conditions>
                                <condition id="-22" name="Else" sid="880717237260236" type="System" />
                            </conditions>
                            <actions />
                            <sub-events>
                                <event-block sid="282731701953870">
                                    <conditions>
                                        <condition id="2" name="Key is down" sid="141234984277664" type="Keyboard">
                                            <param id="0" name="Key">83 (S)</param>
                                        </condition>
                                    </conditions>
                                    <actions>
                                        <action id="-10" name="Set value" sid="918408377661885" type="Penguin2">
                                            <param id="0" name="Instance variable">Direction</param>
                                            <param id="1" name="Value">Dir_Down</param>
                                        </action>
                                        <action id="4" name="Set animation" sid="249238304704882" type="Penguin2">
                                            <param id="0" name="Animation">&quot;Down&quot;</param>
                                            <param id="1" name="From">1</param>
                                        </action>
                                        <action id="-10" name="Set value" sid="779663474448780" type="Penguin2">
                                            <param id="0" name="Instance variable">PositionY</param>
                                            <param id="1" name="Value">Penguin2.Y + 64</param>
                                        </action>
                                    </actions>
                                </event-block>
                            </sub-events>
                        </event-block>
                    </sub-events>
                </event-block>
            </sub-events>
        </event-group>
        <event-group description="" sid="500880836618027" title="ExplosionBomb">
            <sub-events>
                <event-block sid="167931229274712">
                    <conditions>
                        <condition id="-1" name="Every tick" sid="527096953780186" type="System" />
                    </conditions>
                    <actions>
                        <action id="-11" name="Add to" sid="463969722947047" type="Bomb">
                            <param id="0" name="Instance variable">Counter</param>
                            <param id="1" name="Value">dt</param>
                        </action>
                    </actions>
                </event-block>
                <event-block any="1" sid="539881924326581">
                    <conditions>
                        <condition id="-7" name="Compare instance variable" sid="266897138347167" type="Bomb">
                            <param id="0" name="Instance variable">Counter</param>
                            <param id="1" name="Comparison">5</param>
                            <param id="2" name="Value">3</param>
                        </condition>
                        <condition id="1" name="Is overlapping another object" sid="740251919022877" type="Explosion">
                            <param id="0" name="Object">Bomb</param>
                        </condition>
                    </conditions>
                    <actions>
                        <action id="-9" name="Destroy" sid="219227482181272" type="Bomb" />
                        <action id="0" name="Call function" sid="224028831160563" type="Function">
                            <param id="0" name="Name">&quot;ExplosionRange&quot;</param>
                            <param id="1" name="Parameter {n}">Bomb.Range{###}64{###}0</param>
                        </action>
                        <action id="0" name="Call function" sid="267751471198510" type="Function">
                            <param id="0" name="Name">&quot;ExplosionRange&quot;</param>
                            <param id="1" name="Parameter {n}">Bomb.Range{###}-64{###}0</param>
                        </action>
                        <action id="0" name="Call function" sid="368321742078561" type="Function">
                            <param id="0" name="Name">&quot;ExplosionRange&quot;</param>
                            <param id="1" name="Parameter {n}">Bomb.Range{###}0{###}64</param>
                        </action>
                        <action id="0" name="Call function" sid="199698060305946" type="Function">
                            <param id="0" name="Name">&quot;ExplosionRange&quot;</param>
                            <param id="1" name="Parameter {n}">Bomb.Range{###}0{###}-64</param>
                        </action>
                        <action id="6" name="Stop" sid="768373729261315" type="Audio">
                            <param id="0" name="Tag">&quot;Esplosione&quot;</param>
                        </action>
                        <action id="0" name="Play" sid="793120058929018" type="Audio">
                            <param id="0" name="Audio file">Esplosione</param>
                            <param id="2" name="Loop">0</param>
                            <param id="3" name="Volume">0</param>
                            <param id="1" name="Tag (optional)">&quot;Explosion&quot;</param>
                        </action>
                    </actions>
                </event-block>
                <event-block sid="984020479191360">
                    <conditions>
                        <condition id="-19" name="On destroyed" sid="283134974085982" type="Bomb" />
                        <condition id="-7" name="Compare instance variable" sid="821054574156609" type="Bomb">
                            <param id="0" name="Instance variable">BombUID</param>
                            <param id="1" name="Comparison">0</param>
                            <param id="2" name="Value">Penguin1.UID</param>
                        </condition>
                    </conditions>
                    <actions>
                        <action id="-12" name="Subtract from" sid="153734979365784" type="Penguin1">
                            <param id="0" name="Instance variable">BombOnLayout</param>
                            <param id="1" name="Value">1</param>
                        </action>
                    </actions>
                </event-block>
                <event-block sid="724866140779028">
                    <conditions>
                        <condition id="-19" name="On destroyed" sid="298169288516620" type="Bomb" />
                        <condition id="-7" name="Compare instance variable" sid="944211374024184" type="Bomb">
                            <param id="0" name="Instance variable">BombUID</param>
                            <param id="1" name="Comparison">0</param>
                            <param id="2" name="Value">Penguin2.UID</param>
                        </condition>
                    </conditions>
                    <actions>
                        <action id="-12" name="Subtract from" sid="198391949843655" type="Penguin2">
                            <param id="0" name="Instance variable">BombOnLayout</param>
                            <param id="1" name="Value">1</param>
                        </action>
                    </actions>
                </event-block>
            </sub-events>
        </event-group>
        <event-group description="" sid="590441168640865" title="Functions">
            <sub-events>
                <event-block sid="496202541095235">
                    <conditions>
                        <condition id="0" name="On function" sid="161373023712306" type="Function">
                            <param id="0" name="Name">&quot;ExplosionRange&quot;</param>
                        </condition>
                    </conditions>
                    <actions />
                    <sub-events>
                        <event-block sid="455863291973406">
                            <conditions>
                                <condition id="-10" name="For" sid="488951174572011" type="System">
                                    <param id="0" name="Name">&quot;Distance&quot;</param>
                                    <param id="1" name="Start index">0</param>
                                    <param id="2" name="End index">Function.Param(0)</param>
                                </condition>
                            </conditions>
                            <actions>
                                <action id="-3" name="Create object" sid="316061365522425" type="System">
                                    <param id="0" name="Object to create">Explosion</param>
                                    <param id="1" name="Layer">1</param>
                                    <param id="2" name="X">Bomb.X + (Function.Param(1) * loopindex(&quot;Distance&quot;))</param>
                                    <param id="3" name="Y">Bomb.Y + (Function.Param(2) * loopindex(&quot;Distance&quot;))</param>
                                </action>
                            </actions>
                            <sub-events>
                                <event-block sid="541607916596172">
                                    <conditions>
                                        <condition id="1" name="Is overlapping another object" sid="616493074254876" type="Explosion">
                                            <param id="0" name="Object">Block</param>
                                        </condition>
                                    </conditions>
                                    <actions>
                                        <action id="-24" name="Stop loop" sid="726448553416985" type="System" />
                                        <action id="-9" name="Destroy" sid="799506246527394" type="Explosion" />
                                    </actions>
                                </event-block>
                                <event-block sid="237456483224068">
                                    <conditions>
                                        <condition id="1" name="Is overlapping another object" sid="364842992938759" type="Explosion">
                                            <param id="0" name="Object">DestructiveBlock</param>
                                        </condition>
                                    </conditions>
                                    <actions>
                                        <action id="-9" name="Destroy" sid="119412665492077" type="DestructiveBlock" />
                                        <action id="-24" name="Stop loop" sid="635306666579645" type="System" />
                                    </actions>
                                </event-block>
                            </sub-events>
                        </event-block>
                    </sub-events>
                </event-block>
            </sub-events>
        </event-group>
        <event-group description="" sid="520933296339008" title="PowerUp">
            <sub-events>
                <event-block sid="733955582339198">
                    <conditions>
                        <condition id="-7" name="Compare instance variable" sid="789016857486074" type="Penguin1">
                            <param id="0" name="Instance variable">Speed</param>
                            <param id="1" name="Comparison">5</param>
                            <param id="2" name="Value">4</param>
                        </condition>
                    </conditions>
                    <actions>
                        <action id="6" name="Set speed" sid="737325333085620" type="Penguin1">
                            <param id="0" name="Speed">14</param>
                        </action>
                    </actions>
                </event-block>
                <event-block sid="404608043733346">
                    <conditions>
                        <condition id="-7" name="Compare instance variable" sid="526443502139050" type="Penguin2">
                            <param id="0" name="Instance variable">Speed</param>
                            <param id="1" name="Comparison">5</param>
                            <param id="2" name="Value">4</param>
                        </condition>
                    </conditions>
                    <actions>
                        <action id="6" name="Set speed" sid="902269008285585" type="Penguin2">
                            <param id="0" name="Speed">14</param>
                        </action>
                    </actions>
                </event-block>
                <event-block sid="348777995469460">
                    <conditions>
                        <condition id="-19" name="On destroyed" sid="759693767616454" type="DestructiveBlock" />
                    </conditions>
                    <actions />
                    <sub-events>
                        <variable constant="0" name="RandomVariable" sid="852141159644373" static="0" type="number">0</variable>
                        <event-block sid="159540464990458">
                            <conditions />
                            <actions>
                                <action id="-9" name="Set value" sid="918085930405498" type="System">
                                    <param id="0" name="Variable">RandomVariable</param>
                                    <param id="1" name="Value">int(random(3))</param>
                                </action>
                            </actions>
                            <sub-events>
                                <event-block sid="835680303560614">
                                    <conditions>
                                        <condition id="-14" name="Compare variable" sid="412951670834285" type="System">
                                            <param id="0" name="Variable">RandomVariable</param>
                                            <param id="1" name="Comparison">3</param>
                                            <param id="2" name="Value">1</param>
                                        </condition>
                                    </conditions>
                                    <actions>
                                        <action id="-3" name="Create object" sid="677491414168245" type="System">
                                            <param id="0" name="Object to create">PowerUp</param>
                                            <param id="1" name="Layer">0</param>
                                            <param id="2" name="X">DestructiveBlock.X</param>
                                            <param id="3" name="Y">DestructiveBlock.Y</param>
                                        </action>
                                        <action id="5" name="Set frame" sid="834539561655535" type="PowerUp">
                                            <param id="0" name="Frame number">int(random(PowerUp.AnimationFrameCount))</param>
                                        </action>
                                    </actions>
                                </event-block>
                            </sub-events>
                        </event-block>
                    </sub-events>
                </event-block>
                <event-group description="" sid="611453736118485" title="Penguin1PowerUp">
                    <sub-events>
                        <event-block sid="937137332670613">
                            <conditions>
                                <condition id="1" name="Is overlapping another object" sid="542769367732703" type="Penguin1">
                                    <param id="0" name="Object">PowerUp</param>
                                </condition>
                            </conditions>
                            <actions />
                            <sub-events>
                                <event-block sid="232280980114053">
                                    <conditions>
                                        <condition id="3" name="Compare frame" sid="334431976577421" type="PowerUp">
                                            <param id="0" name="Comparison">0</param>
                                            <param id="1" name="Number">0</param>
                                        </condition>
                                    </conditions>
                                    <actions>
                                        <action id="-9" name="Destroy" sid="417549132473733" type="PowerUp" />
                                    </actions>
                                    <sub-events>
                                        <event-block sid="788656439938702">
                                            <conditions>
                                                <condition id="-7" name="Compare instance variable" sid="775424508329897" type="Penguin1">
                                                    <param id="0" name="Instance variable">MaxBomb</param>
                                                    <param id="1" name="Comparison">2</param>
                                                    <param id="2" name="Value">3</param>
                                                </condition>
                                            </conditions>
                                            <actions>
                                                <action id="-11" name="Add to" sid="802607629118061" type="Penguin1">
                                                    <param id="0" name="Instance variable">MaxBomb</param>
                                                    <param id="1" name="Value">1</param>
                                                </action>
                                            </actions>
                                        </event-block>
                                    </sub-events>
                                </event-block>
                                <event-block sid="402111465907774">
                                    <conditions>
                                        <condition id="3" name="Compare frame" sid="911206463197601" type="PowerUp">
                                            <param id="0" name="Comparison">0</param>
                                            <param id="1" name="Number">1</param>
                                        </condition>
                                    </conditions>
                                    <actions />
                                    <sub-events>
                                        <event-block sid="902130379900090">
                                            <conditions>
                                                <condition id="-7" name="Compare instance variable" sid="831802159204376" type="Penguin1">
                                                    <param id="0" name="Instance variable">Speed</param>
                                                    <param id="1" name="Comparison">0</param>
                                                    <param id="2" name="Value">2</param>
                                                </condition>
                                            </conditions>
                                            <actions>
                                                <action id="-11" name="Add to" sid="638368459664506" type="Penguin1">
                                                    <param id="0" name="Instance variable">Speed</param>
                                                    <param id="1" name="Value">2</param>
                                                </action>
                                                <action id="-9" name="Destroy" sid="913204143596788" type="PowerUp" />
                                            </actions>
                                        </event-block>
                                        <event-block sid="896703482699193">
                                            <conditions>
                                                <condition id="-7" name="Compare instance variable" sid="582661926274991" type="Penguin1">
                                                    <param id="0" name="Instance variable">Speed</param>
                                                    <param id="1" name="Comparison">0</param>
                                                    <param id="2" name="Value">4</param>
                                                </condition>
                                            </conditions>
                                            <actions>
                                                <action id="-9" name="Destroy" sid="297932637427031" type="PowerUp" />
                                            </actions>
                                        </event-block>
                                    </sub-events>
                                </event-block>
                                <event-block sid="572308039061540">
                                    <conditions>
                                        <condition id="3" name="Compare frame" sid="122810556114093" type="PowerUp">
                                            <param id="0" name="Comparison">0</param>
                                            <param id="1" name="Number">2</param>
                                        </condition>
                                    </conditions>
                                    <actions>
                                        <action id="-9" name="Destroy" sid="802676887256619" type="PowerUp" />
                                    </actions>
                                    <sub-events>
                                        <event-block sid="750285799887671">
                                            <conditions>
                                                <condition id="-7" name="Compare instance variable" sid="378400529303220" type="Penguin1">
                                                    <param id="0" name="Instance variable">Range</param>
                                                    <param id="1" name="Comparison">2</param>
                                                    <param id="2" name="Value">5</param>
                                                </condition>
                                            </conditions>
                                            <actions>
                                                <action id="-11" name="Add to" sid="993141925645853" type="Penguin1">
                                                    <param id="0" name="Instance variable">Range</param>
                                                    <param id="1" name="Value">1</param>
                                                </action>
                                            </actions>
                                        </event-block>
                                    </sub-events>
                                </event-block>
                            </sub-events>
                        </event-block>
                    </sub-events>
                </event-group>
                <event-group description="" sid="206110744081622" title="Penguin2PowerUp">
                    <sub-events>
                        <event-block sid="893643418560776">
                            <conditions>
                                <condition id="1" name="Is overlapping another object" sid="266029853102581" type="Penguin2">
                                    <param id="0" name="Object">PowerUp</param>
                                </condition>
                            </conditions>
                            <actions />
                            <sub-events>
                                <event-block sid="174454375416134">
                                    <conditions>
                                        <condition id="3" name="Compare frame" sid="421003682745576" type="PowerUp">
                                            <param id="0" name="Comparison">0</param>
                                            <param id="1" name="Number">0</param>
                                        </condition>
                                    </conditions>
                                    <actions>
                                        <action id="-9" name="Destroy" sid="330878314005941" type="PowerUp" />
                                    </actions>
                                    <sub-events>
                                        <event-block sid="872581284511600">
                                            <conditions>
                                                <condition id="-7" name="Compare instance variable" sid="315946365996319" type="Penguin2">
                                                    <param id="0" name="Instance variable">MaxBomb</param>
                                                    <param id="1" name="Comparison">2</param>
                                                    <param id="2" name="Value">3</param>
                                                </condition>
                                            </conditions>
                                            <actions>
                                                <action id="-11" name="Add to" sid="858378814068953" type="Penguin2">
                                                    <param id="0" name="Instance variable">MaxBomb</param>
                                                    <param id="1" name="Value">1</param>
                                                </action>
                                            </actions>
                                        </event-block>
                                    </sub-events>
                                </event-block>
                                <event-block sid="414825680112214">
                                    <conditions>
                                        <condition id="3" name="Compare frame" sid="264108253812150" type="PowerUp">
                                            <param id="0" name="Comparison">0</param>
                                            <param id="1" name="Number">1</param>
                                        </condition>
                                    </conditions>
                                    <actions />
                                    <sub-events>
                                        <event-block sid="984627414294542">
                                            <conditions>
                                                <condition id="-7" name="Compare instance variable" sid="353672288395591" type="Penguin2">
                                                    <param id="0" name="Instance variable">Speed</param>
                                                    <param id="1" name="Comparison">0</param>
                                                    <param id="2" name="Value">2</param>
                                                </condition>
                                            </conditions>
                                            <actions>
                                                <action id="-11" name="Add to" sid="504621307477724" type="Penguin2">
                                                    <param id="0" name="Instance variable">Speed</param>
                                                    <param id="1" name="Value">2</param>
                                                </action>
                                                <action id="-9" name="Destroy" sid="857000507800678" type="PowerUp" />
                                            </actions>
                                        </event-block>
                                        <event-block sid="137336145972570">
                                            <conditions>
                                                <condition id="-7" name="Compare instance variable" sid="150646117704878" type="Penguin2">
                                                    <param id="0" name="Instance variable">Speed</param>
                                                    <param id="1" name="Comparison">0</param>
                                                    <param id="2" name="Value">4</param>
                                                </condition>
                                            </conditions>
                                            <actions>
                                                <action id="-9" name="Destroy" sid="951429945965010" type="PowerUp" />
                                            </actions>
                                        </event-block>
                                    </sub-events>
                                </event-block>
                                <event-block sid="257263256045570">
                                    <conditions>
                                        <condition id="3" name="Compare frame" sid="268548531703949" type="PowerUp">
                                            <param id="0" name="Comparison">0</param>
                                            <param id="1" name="Number">2</param>
                                        </condition>
                                    </conditions>
                                    <actions>
                                        <action id="-9" name="Destroy" sid="904019771077963" type="PowerUp" />
                                    </actions>
                                    <sub-events>
                                        <event-block sid="586019642293637">
                                            <conditions>
                                                <condition id="-7" name="Compare instance variable" sid="728079881703563" type="Penguin2">
                                                    <param id="0" name="Instance variable">Range</param>
                                                    <param id="1" name="Comparison">2</param>
                                                    <param id="2" name="Value">5</param>
                                                </condition>
                                            </conditions>
                                            <actions>
                                                <action id="-11" name="Add to" sid="877750841577741" type="Penguin2">
                                                    <param id="0" name="Instance variable">Range</param>
                                                    <param id="1" name="Value">1</param>
                                                </action>
                                            </actions>
                                        </event-block>
                                    </sub-events>
                                </event-block>
                            </sub-events>
                        </event-block>
                    </sub-events>
                </event-group>
            </sub-events>
        </event-group>
        <event-group description="" sid="309220005654538" title="VictoryConditions">
            <sub-events>
                <event-block sid="886327435572351">
                    <conditions>
                        <condition id="1" name="Is overlapping another object" sid="846214644975858" type="Penguin1">
                            <param id="0" name="Object">Explosion</param>
                        </condition>
                    </conditions>
                    <actions>
                        <action id="0" name="Set text" sid="416420915184219" type="Victory">
                            <param id="0" name="Text">&quot;White Penguin Wins!!&quot;</param>
                        </action>
                    </actions>
                    <sub-events>
                        <event-block sid="399792213688755">
                            <conditions>
                                <condition id="-7" name="Compare instance variable" sid="436818993925406" type="Penguin1">
                                    <param id="0" name="Instance variable">Direction</param>
                                    <param id="1" name="Comparison">0</param>
                                    <param id="2" name="Value">Dir_Right</param>
                                </condition>
                            </conditions>
                            <actions>
                                <action id="4" name="Set animation" sid="897211368569552" type="Penguin1">
                                    <param id="0" name="Animation">&quot;DeathRight&quot;</param>
                                    <param id="1" name="From">0</param>
                                </action>
                            </actions>
                        </event-block>
                        <event-block sid="887771020296814">
                            <conditions>
                                <condition id="-7" name="Compare instance variable" sid="994843165503997" type="Penguin1">
                                    <param id="0" name="Instance variable">Direction</param>
                                    <param id="1" name="Comparison">0</param>
                                    <param id="2" name="Value">Dir_Left</param>
                                </condition>
                            </conditions>
                            <actions>
                                <action id="4" name="Set animation" sid="316692588237060" type="Penguin1">
                                    <param id="0" name="Animation">&quot;DeathLeft&quot;</param>
                                    <param id="1" name="From">0</param>
                                </action>
                            </actions>
                        </event-block>
                        <event-block any="1" sid="124676390542888">
                            <conditions>
                                <condition id="-7" name="Compare instance variable" sid="914157955445967" type="Penguin1">
                                    <param id="0" name="Instance variable">Direction</param>
                                    <param id="1" name="Comparison">0</param>
                                    <param id="2" name="Value">Dir_Down</param>
                                </condition>
                                <condition id="-7" name="Compare instance variable" sid="474090939537304" type="Penguin1">
                                    <param id="0" name="Instance variable">Direction</param>
                                    <param id="1" name="Comparison">0</param>
                                    <param id="2" name="Value">Dir_Up</param>
                                </condition>
                            </conditions>
                            <actions />
                        </event-block>
                    </sub-events>
                </event-block>
            </sub-events>
        </event-group>
    </events>
</c2eventsheet>
